5509,4/7/09,21,0.03,125,2529.2,Ashley Wiener,Arizona,West,Training - SQL,1,0.54
8994,4/7/09,36,0.1,150,4827.46,Christopher Swint,Indiana,Central,Consulting - Business Model,1,0.6
10277,4/7/09,36,0,150,5363.85,Grant Harrigan,California,West,Consulting - Market Research,1,0.65
34432,4/7/09,20,0.08,200,3655.36,Nora Van,Florida,South,Development - Scala,1,0.75
34432,4/7/09,3,0.02,200,584.06,Nora Van,Florida,South,Development - Big Data,1,0.65
1189,4/8/09,27,0,110,2950.19,Aaron Matthias,New York,East,Development - PHP,1,0.44
2722,4/8/09,46,0.06,150,6442.74,Jay O'Donnell,MA,East,Consulting - Business Model,1,0.65
12768,4/8/09,34,0.01,170,5684.03,Kelly Thomas,Texas,Central,Development - .Net,1,0.69
13028,4/8/09,39,0.05,110,4048.32,Stuart Epp,New York,East,Development - Python,1,0.32
31171,4/8/09,37,0.08,160,5410.07,Parhena McFarland,Minnesota,Central,Development - Java,1,0.58
36838,4/8/09,3,0.06,200,560.24,Marc Ludwig,Arkansas,South,Development - Scala,1,0.63
8646,4/9/09,8,0.03,170,1310.43,Emily Dahlen,Florida,South,Development - .Net,1,0.6
8646,4/9/09,41,0.06,125,4785.49,Emily Dahlen,Florida,South,Training - Development,1,0.64
8646,4/9/09,26,0.09,150,3525.42,Emily Dahlen,Florida,South,Consulting - Business Model,1,0.59
8646,4/9/09,29,0.09,125,3276.83,Emily Dahlen,Florida,South,Training - Javascript,1,0.58
11174,4/9/09,30,0.07,150,4157.19,Evan Castell,California,West,Consulting - Market Research,1,0.6
27491,4/9/09,11,0.04,110,1153.88,Roy Smith,Tennessee,South,Development - PHP,1,0.32
27491,4/9/09,36,0.02,125,4380.69,Roy Smith,Tennessee,South,Training - SQL,1,0.64
27491,4/9/09,2,0.09,120,216.95,Roy Smith,Tennessee,South,Development - Business Logic,1,0.43
39815,4/9/09,43,0.05,150,6086.78,Roy Flanagan,Texas,Central,Consulting - Market Research,1,0.65
40258,4/9/09,31,0.05,170,4973.23,Michelle Collister,Wisconsin,Central,Development - .Net,1,0.58
40258,4/9/09,29,0.08,120,3180.32,Michelle Collister,Wisconsin,Central,Development - Business Logic,1,0.43
45120,4/9/09,39,0.07,150,5404.35,Emily Fortune,California,West,Consulting - Strategy,1,0.66
58914,4/9/09,46,0.07,150,6374.36,Alex Grayson,Oregon,West,Consulting - Business Model,1,0.65
58914,4/9/09,11,0.07,120,1219.44,Alex Grayson,Oregon,West,Development - Business Logic,1,0.58
19975,4/10/09,33,0.08,170,5127.03,Emily Fortune,Alabama,South,Development - .Net,1,0.59
20519,4/10/09,7,0.03,150,1011.76,Brad Fisher,California,West,Consulting - Strategy,1,0.67
20838,4/10/09,5,0.05,120,566.23,Shahid Bixby,Michigan,Central,Development - Business Logic,1,0.44
20838,4/10/09,21,0.03,140,2832.92,Shahid Bixby,Michigan,Central,Development - Front End Web,1,0.57
27456,4/10/09,29,0.05,170,4652.49,Duane Abelman,Nebraska,Central,Development - .Net,1,0.69
29219,4/10/09,29,0.04,120,3318.68,Nat Lloyd,Texas,Central,Development - Business Logic,1,0.52
29284,4/10/09,20,0.01,125,2458.61,David Glassco,California,West,Training - Javascript,1,0.5
43269,4/10/09,16,0,110,1748.35,James Knutson,Texas,Central,Development - Python,1,0.38
43269,4/10/09,24,0.08,160,3509.41,James Knutson,Texas,Central,Development - Java,1,0.63
51047,4/10/09,28,0.02,125,3407.29,Ellis Sundaresam,New Jersey,East,Training - SQL,1,0.58
51047,4/10/09,38,0.03,125,4577,Ellis Sundaresam,New Jersey,East,Training - SQL,1,0.43
36706,4/11/09,47,0.1,160,6723.36,Brad Jacobs,Nebraska,Central,Development - Java,1,0.64
36706,4/11/09,7,0.03,110,741.97,Brad Jacobs,Nebraska,Central,Development - Python,1,0.52
56677,4/11/09,35,0,125,4346.14,Roy Peterman,Nebraska,Central,Training - SQL,1,0.53
58279,4/11/09,44,0.03,160,6783.76,Emily Fortune,California,West,Development - Java,1,0.69
55040,4/12/09,8,0.05,200,1510.01,Dave Hackney,California,West,Development - Big Data,1,0.74
55040,4/12/09,24,0.1,140,3004.13,Dave Hackney,California,West,Development - Front End Web,1,0.64
55040,4/12/09,34,0.03,160,5242.13,Dave Hackney,California,West,Development - Java,1,0.68
55040,4/12/09,2,0.08,150,274.19,Dave Hackney,California,West,Consulting - Strategy,1,0.62
9635,4/13/09,1,0.05,160,151.01,Andy Willingham,New Jersey,East,Development - Java,1,0.58
44448,4/13/09,28,0.02,150,4089.06,Raymond Crestani,Vermont,East,Consulting - Business Model,1,0.55
55046,4/13/09,2,0.08,110,201.08,Thais Roper,Florida,South,Development - Python,1,0.45
8422,4/14/09,33,0.01,150,4868.54,Becky Hunt,New Hampshire,East,Consulting - Business Model,1,0.53
8422,4/14/09,18,0.06,125,2101.21,Becky Hunt,Maine,East,Training - Javascript,1,0.53
32999,4/14/09,14,0.09,125,1582.12,David Hawkins,Connecticut,East,Training - Tableau,1,0.58
33220,4/15/09,49,0.09,170,7531.06,Carl Grace,Mississippi,South,Development - .Net,1,0.64
33220,4/15/09,40,0.1,125,4470.77,Carl Grace,Mississippi,South,Training - SQL,1,0.5
35041,4/15/09,28,0.01,160,4406.39,Jasper Galang,New York,East,Development - Java,1,0.64
58818,4/15/09,41,0.01,150,6048.95,James Derr,Virginia,South,Consulting - Business Model,1,0.55
58818,4/15/09,20,0.1,125,2235.38,James Derr,Virginia,South,Training - Development,1,0.46
96,4/16/09,37,0.01,150,5458.94,Keith Beeghly,Arkansas,South,Consulting - Market Research,1,0.53
19584,4/16/09,6,0.05,150,849.47,Maria Ferguson,Wisconsin,Central,Consulting - Strategy,1,0.66
50337,4/16/09,37,0,160,5881.69,Chris Ludwig,California,West,Development - Java,1,0.68
50337,4/16/09,6,0.1,150,804.76,Chris Ludwig,California,West,Consulting - Strategy,1,0.67
2756,4/17/09,25,0.06,150,3502.28,Denny Voltz,California,West,Consulting - Business Model,1,0.55
2756,4/17/09,42,0.07,200,7761.64,Denny Voltz,California,West,Development - Scala,1,0.78
11013,4/17/09,2,0.01,150,295.09,Ruben Staebel,Washington,West,Consulting - Market Research,1,0.6
30407,4/17/09,41,0.02,200,7984.2,Patrick Brooks,Georgia,South,Development - Big Data,1,0.67
2817,4/18/09,14,0.1,150,1877.86,Luke Dana,South Carolina,South,Consulting - Business Model,1,0.53
2817,4/18/09,40,0.06,125,4669.82,Luke Dana,South Carolina,South,Training - SQL,1,0.64
4674,4/18/09,23,0.02,125,2799.41,Christina Eno,Tennessee,South,Training - Development,1,0.54
8259,4/18/09,25,0.09,125,2825.49,Peter Abelman,Georgia,South,Training - Development,1,0.64
11553,4/18/09,28,0.1,200,5007.64,Justin Carroll,Iowa,Central,Development - Big Data,1,0.72
11553,4/18/09,8,0.07,125,924.03,Justin Carroll,Iowa,Central,Training - Tableau,1,0.43
11553,4/18/09,20,0.03,150,2891.31,Justin Carroll,Iowa,Central,Consulting - Market Research,1,0.53
54753,4/18/09,36,0.06,150,5043.41,Christopher Swint,Indiana,Central,Consulting - Market Research,1,0.65
994,4/19/09,38,0.06,140,4968.81,Kelly Thomas,Texas,Central,Development - Database,1,0.68
30176,4/19/09,30,0.01,125,3688.75,Amy Murray,Tennessee,South,Training - SQL,1,0.52
48135,4/19/09,20,0.09,150,2712.54,Matt Bertelson,Maryland,East,Consulting - Compensation,1,0.6
48135,4/19/09,40,0.02,125,4868.66,Matt Bertelson,Georgia,South,Training - SQL,1,0.44
53798,4/19/09,29,0,170,4898.47,Kelly Arnett,Utah,West,Development - .Net,1,0.61
53798,4/19/09,41,0.08,125,4684.84,Kelly Arnett,Utah,West,Training - Development,1,0.4
59745,4/19/09,36,0.09,160,5208.07,Alejandro Olsen,Ohio,East,Development - Java,1,0.64
19367,4/20/09,20,0.09,110,1989.24,Amy Murray,Tennessee,South,Development - PHP,1,0.59
41474,4/20/09,35,0,125,4347.12,Matt Mills,Ohio,East,Training - Tableau,1,0.58
41474,4/20/09,50,0.09,150,6781.51,Matt Mills,Ohio,East,Consulting - Business Model,1,0.53
44834,4/20/09,13,0.1,110,1278.8,Anthony Haberlin,Colorado,West,Development - Python,1,0.45
44834,4/20/09,43,0.06,125,5020.31,Anthony Haberlin,Colorado,West,Training - Javascript,1,0.44
49511,4/20/09,35,0.03,110,3710.71,Eugene Liston,Kentucky,South,Development - PHP,1,0.35
28736,4/21/09,26,0.06,110,2671.34,Lindsay DeVincentis,New York,East,Development - Python,1,0.55
35813,4/21/09,21,0.05,170,3369.98,Tracy Hale,Florida,South,Development - .Net,1,0.7
35813,4/21/09,21,0.06,125,2451.84,Tracy Hale,Florida,South,Training - SQL,1,0.5
40997,4/21/09,12,0.05,110,1246.04,Odella Tron,Ohio,East,Development - Python,1,0.36
40997,4/21/09,37,0.05,120,4191.23,Odella Tron,Ohio,East,Development - Business Logic,1,0.58
40997,4/21/09,1,0.03,200,192.77,Odella Tron,Ohio,East,Development - Big Data,1,0.74
40997,4/21/09,33,0.04,125,3934.87,Odella Tron,Ohio,East,Training - Javascript,1,0.5
56807,4/21/09,1,0.06,170,158.79,Scott Bell,Ohio,East,Development - .Net,1,0.58
9669,4/22/09,18,0.04,200,3434.15,Christine Armold,Virginia,South,Development - Big Data,1,0.74
13056,4/22/09,33,0.05,150,4672.77,Raymond Crestani,Vermont,East,Consulting - Business Model,1,0.62
17315,4/22/09,29,0.07,110,2947.95,Joy Moren,Indiana,Central,Development - Python,1,0.55
25927,4/22/09,14,0.02,200,2726.65,Rick O'Donnell,New Jersey,East,Development - Big Data,1,0.65
25927,4/22/09,43,0.08,120,4717.19,Rick O'Donnell,Connecticut,East,Development - Business Logic,1,0.56
48257,4/22/09,45,0.02,160,7011.39,Christina Eno,Tennessee,South,Development - Java,1,0.68
3808,4/23/09,2,0.08,200,365.68,Lynn Degenhardt,Virginia,South,Development - Scala,1,0.69
9665,4/23/09,50,0.02,170,8277.55,Eugene Farry,Texas,Central,Development - .Net,1,0.69
