15202,7/9/10,36,0.09,125,4114.26,Darrin Ulpright,California,West,Training - SQL,1,0.64
21539,7/9/10,18,0.04,110,1909.74,Christy Blume,California,West,Development - Python,1,0.53
21539,7/9/10,39,0.05,125,4653.04,Christy Blume,California,West,Training - Javascript,1,0.52
59750,7/9/10,34,0.04,110,3607.29,Jim Kriz,Indiana,Central,Development - Python,1,0.46
48839,7/10/10,1,0.05,200,190.9,Carlos Kampe,Illinois,Central,Development - Scala,1,0.67
47712,7/13/10,50,0.1,160,7234.59,Gary Matthias,Maryland,East,Development - Java,1,0.61
2438,7/14/10,20,0.06,160,3022.52,Andrew Benoit,Colorado,West,Development - Java,1,0.58
2438,7/14/10,23,0.01,150,3431.99,Andrew Benoit,Colorado,West,Consulting - Market Research,1,0.53
17255,7/14/10,17,0.09,200,3108.94,Dorris Engle,New York,East,Development - Big Data,1,0.72
30947,7/14/10,17,0.03,160,2651.14,Charles Roelle,Illinois,Central,Development - Java,1,0.68
30947,7/14/10,45,0.01,200,8953.02,Charles Roelle,Illinois,Central,Development - Scala,1,0.74
37920,7/14/10,48,0.04,150,6945.37,Andy Willingham,Texas,Central,Consulting - Business Model,1,0.65
39235,7/14/10,34,0,170,5807.91,Lauren Bern,Colorado,West,Development - .Net,1,0.69
294,7/15/10,35,0.06,200,6611.93,Sanjit Hendricks,Iowa,Central,Development - Big Data,1,0.65
26368,7/15/10,25,0.01,150,3730.52,Shahid Bixby,Michigan,Central,Consulting - Market Research,1,0.61
38405,7/15/10,29,0.1,125,3278.33,Laura Hughsby,Ohio,East,Training - SQL,1,0.53
40833,7/15/10,48,0.04,150,6945.55,Michelle Ryan,Maryland,East,Consulting - Market Research,1,0.65
1604,7/16/10,47,0,125,5903.66,Rick Book,North Carolina,South,Training - SQL,1,0.43
19174,7/16/10,49,0.05,160,7484.33,Fred Collins,Maine,East,Development - Java,1,0.64
19174,7/16/10,35,0.02,150,5170.1,Fred Collins,MA,East,Consulting - Market Research,1,0.59
19174,7/16/10,19,0.06,150,2692.07,Fred Collins,MA,East,Consulting - Market Research,1,0.55
19174,7/16/10,48,0,150,7235.12,Fred Collins,MA,East,Consulting - Business Model,1,0.66
24069,7/16/10,21,0.02,125,2585.05,Anne Van Hugh,New York,East,Training - Javascript,1,0.52
24833,7/16/10,45,0.08,125,5200.24,Sally Knudson,Michigan,Central,Training - Javascript,1,0.58
31842,7/16/10,9,0.06,150,1275.19,Joy Mull,Florida,South,Consulting - Business Model,1,0.59
49472,7/16/10,23,0.02,120,2717.99,Robert Pistek,Maine,East,Development - Business Logic,1,0.38
49472,7/16/10,15,0.05,150,2147.93,Robert Pistek,MA,East,Consulting - Business Model,1,0.55
49472,7/16/10,9,0.03,140,1228.16,Robert Pistek,MA,East,Development - Database,1,0.63
6531,7/17/10,42,0.05,170,6816.26,Jill Hernandez,California,West,Development - .Net,1,0.65
6531,7/17/10,28,0.06,120,3173.89,Jill Hernandez,California,West,Development - Business Logic,1,0.57
16289,7/17/10,49,0.01,150,7312.18,John Ashbrook,Arkansas,South,Consulting - Market Research,1,0.55
16289,7/17/10,37,0.09,125,4229.39,John Ashbrook,Alabama,South,Training - SQL,1,0.58
35137,7/17/10,41,0.05,160,6262.56,Joe Zeldin,Arkansas,South,Development - Java,1,0.56
35137,7/17/10,47,0.1,110,4675.81,Joe Zeldin,Arkansas,South,Development - PHP,1,0.48
39330,7/17/10,29,0,140,4079.91,Andy Herman,Texas,Central,Development - Front End Web,1,0.64
14534,7/18/10,46,0.02,150,6795.32,Valerie Bell,Florida,South,Consulting - Business Model,1,0.67
18341,7/18/10,39,0,110,4311.14,Bradley Donovan,Maryland,East,Development - Python,1,0.55
23559,7/18/10,14,0.03,160,2183.51,Cynthia Kirkland,Tennessee,South,Development - Java,1,0.53
23559,7/18/10,9,0.02,150,1329.52,Cynthia Kirkland,Tennessee,South,Consulting - Strategy,1,0.62
34499,7/18/10,2,0.01,125,248.72,Joel Staavos,Mississippi,South,Training - Development,1,0.5
17344,7/19/10,40,0.01,150,5969.42,Rob Sissman,Michigan,Central,Consulting - Market Research,1,0.53
35043,7/19/10,45,0.01,140,6267.89,Maribeth Jones,Kentucky,South,Development - Database,1,0.58
35043,7/19/10,9,0.06,150,1275.29,Maribeth Jones,Kentucky,South,Consulting - Market Research,1,0.61
50210,7/19/10,47,0,200,9446.56,Michelle Jacobs,Iowa,Central,Development - Scala,1,0.63
50210,7/19/10,15,0,140,2110.4,Michelle Jacobs,Iowa,Central,Development - Database,1,0.56
50242,7/19/10,8,0.08,150,1109.47,Ross Hastings,Florida,South,Consulting - Market Research,1,0.67
56101,7/19/10,1,0.01,170,169.13,Bill McGarr,Nebraska,Central,Development - .Net,1,0.65
56101,7/19/10,44,0.08,160,6508.88,Bill McGarr,Nebraska,Central,Development - Java,1,0.58
16065,7/20/10,15,0.04,150,2170.75,Ruben D'Ascenzo,Texas,Central,Consulting - Compensation,1,0.55
16065,7/20/10,14,0.06,110,1454.81,Ruben D'Ascenzo,Texas,Central,Development - Python,1,0.48
23041,7/20/10,21,0.02,160,3309.19,Tracy Raglin,Florida,South,Development - Java,1,0.53
23041,7/20/10,5,0.08,160,739.66,Tracy Raglin,Florida,South,Development - Java,1,0.63
23041,7/20/10,10,0.08,125,1155.72,Tracy Raglin,Florida,South,Training - Javascript,1,0.54
32002,7/20/10,37,0.03,150,5410.3,Jim Paige,Ohio,East,Consulting - Business Model,1,0.55
32002,7/20/10,7,0.07,125,817.8,Jim Paige,Ohio,East,Training - SQL,1,0.54
38017,7/20/10,26,0.06,110,2701.78,Seth Chapman,Kansas,Central,Development - Python,1,0.48
38017,7/20/10,27,0.08,150,3744.55,Seth Chapman,Kansas,Central,Consulting - Market Research,1,0.65
57249,7/20/10,30,0.05,125,3580.23,David Glassco,Rhode Island,East,Training - SQL,1,0.46
10306,7/21/10,20,0.02,125,2462.26,Lela Demir,Michigan,Central,Training - SQL,1,0.5
28932,7/21/10,24,0,125,3015.01,Gary Kunitz,Texas,Central,Training - SQL,1,0.54
28932,7/21/10,18,0.1,120,1953.73,Gary Kunitz,Texas,Central,Development - Business Logic,1,0.41
41569,7/21/10,49,0.06,110,5091.95,Kean French,Ohio,East,Development - Python,1,0.36
41569,7/21/10,16,0.03,125,1949.71,Khloe Jacobs,Michigan,Central,Training - SQL,1,0.46
45762,7/21/10,21,0.01,110,2298.34,Barry Duston,California,West,Development - Python,1,0.54
46310,7/21/10,29,0.04,160,4476.68,Annie Martin,MO,Central,Development - Java,1,0.72
46310,7/21/10,13,0.1,120,1411.02,Annie Martin,MO,Central,Development - Business Logic,1,0.48
46310,7/21/10,42,0.01,200,8357.6,Annie Martin,MO,Central,Development - Big Data,1,0.71
57639,7/21/10,24,0.04,125,2894.41,John Doherty,Ohio,East,Training - SQL,1,0.58
16165,7/22/10,4,0.01,150,596.99,Hallie Fritzler,MO,Central,Consulting - Business Model,1,0.53
16165,7/22/10,24,0.07,125,2804.03,Hallie Fritzler,MO,Central,Training - SQL,1,0.4
16165,7/22/10,19,0.09,200,3475.39,Hallie Fritzler,MO,Central,Development - Big Data,1,0.74
26373,7/22/10,7,0.08,170,1100.3,Anna Hwang,Kansas,Central,Development - .Net,1,0.56
42086,7/22/10,18,0.09,120,1975.48,Erin Cox,Texas,Central,Development - Business Logic,1,0.48
3109,7/23/10,47,0.1,125,5314.21,Liz Smith,Nebraska,Central,Training - SQL,1,0.4
3109,7/23/10,37,0.01,150,5522.26,Liz Smith,Nebraska,Central,Consulting - Market Research,1,0.65
26784,7/23/10,12,0.02,125,1477.43,Christy Blume,New Jersey,East,Training - Development,1,0.46
26784,7/23/10,33,0.09,150,4527.26,Christy Blume,New Jersey,East,Consulting - Strategy,1,0.65
32323,7/23/10,3,0.01,150,447.75,Lena McGuire,Ohio,East,Consulting - Business Model,1,0.53
32323,7/23/10,3,0.06,110,311.77,Lena McGuire,Ohio,East,Development - Python,1,0.53
32323,7/23/10,38,0.02,150,5614.22,Lena McGuire,Ohio,East,Consulting - Market Research,1,0.65
56869,7/23/10,10,0,170,1708.59,Natalie Pelletier,California,West,Development - .Net,1,0.58
57440,7/23/10,12,0.04,150,1736.73,Rob Andreada,Arizona,West,Consulting - Market Research,1,0.55
15463,7/24/10,48,0.04,110,5094.54,Evan Ryan,Indiana,Central,Development - Python,1,0.36
35046,7/24/10,21,0.1,160,3039.35,Cari Radford,Utah,West,Development - Java,1,0.68
35046,7/24/10,13,0.07,125,1518.92,Cari Radford,Utah,West,Training - Development,1,0.58
35046,7/24/10,45,0.03,125,5483.95,Cari Radford,Utah,West,Training - SQL,1,0.59
45030,7/24/10,1,0.03,200,194.98,Giulietta Ferguson,New Jersey,East,Development - Big Data,1,0.65
51780,7/24/10,26,0.04,170,4264.74,Rob Weirich,Louisiana,South,Development - .Net,1,0.64
51780,7/24/10,11,0.09,200,2012.16,Rob Weirich,Louisiana,South,Development - Scala,1,0.78
51780,7/24/10,44,0.05,110,4621.35,Rob Weirich,Louisiana,South,Development - Python,1,0.46
51780,7/24/10,42,0.01,160,6686.58,Rob Weirich,MO,Central,Development - Java,1,0.61
5445,7/25/10,4,0.06,200,755.84,Michael Olson,Wisconsin,Central,Development - Scala,1,0.74
5445,7/25/10,9,0.01,120,1074.66,Michael Olson,Wisconsin,Central,Development - Business Logic,1,0.43
15271,7/25/10,18,0.01,125,2238.87,Elpida Elijah,Delaware,East,Training - Development,1,0.54
15271,7/25/10,7,0.03,150,1023.7,Elpida Elijah,Delaware,East,Consulting - Market Research,1,0.65
23719,7/25/10,17,0.08,110,1729.18,Brian Beltran,California,West,Development - Python,1,0.32
24064,7/25/10,23,0.07,150,3224.87,Sanjit Hendricks,Iowa,Central,Consulting - Strategy,1,0.65
31073,7/25/10,39,0.02,125,4801.88,Arthur Howell,Ohio,East,Training - SQL,1,0.5
31073,7/25/10,26,0.07,200,4860.67,Arthur Howell,Ohio,East,Development - Big Data,1,0.72
40005,7/25/10,20,0.1,125,2261.48,Mark Coyne,Maine,East,Training - SQL,1,0.54
