44935,11/17/10,37,0.06,200,7011.4,Arthur Nelson,New Mexico,West,Development - Scala,1,0.65
44935,11/17/10,37,0.01,140,5169.04,Arthur Nelson,Florida,South,Development - Database,1,0.64
2563,11/18/10,12,0.04,200,2322.41,Brenda Hildebrand,Mississippi,South,Development - Scala,1,0.74
2563,11/18/10,33,0.01,120,3951.72,Brenda Hildebrand,Mississippi,South,Development - Business Logic,1,0.44
2752,11/18/10,30,0.03,150,4399.87,Todd Cacioppo,Wisconsin,Central,Consulting - Business Model,1,0.53
2752,11/18/10,41,0.02,140,5670.14,Todd Cacioppo,Wisconsin,Central,Development - Database,1,0.56
2752,11/18/10,10,0.03,200,1955.5,Todd Cacioppo,Wisconsin,Central,Development - Big Data,1,0.69
2752,11/18/10,10,0.04,150,1451.5,Todd Cacioppo,Wisconsin,Central,Consulting - Market Research,1,0.7
13607,11/18/10,12,0.07,150,1687.37,Matthew Lucas,New Mexico,West,Consulting - Business Model,1,0.59
13607,11/18/10,37,0.09,200,6787.8,Matthew Lucas,New Mexico,West,Development - Scala,1,0.74
13607,11/18/10,13,0,200,2620.77,Matthew Lucas,New Mexico,West,Development - Big Data,1,0.72
22887,11/18/10,34,0.07,125,3984.08,Eugene Liston,Kentucky,South,Training - Development,1,0.54
34658,11/18/10,33,0.05,125,3950.06,Alan Daly,Texas,Central,Training - Tableau,1,0.58
8001,11/19/10,15,0.1,110,1496.9,Charles Sunley,California,West,Development - Python,1,0.38
8001,11/19/10,47,0.01,200,9380.58,Charles Sunley,California,West,Development - Big Data,1,0.74
23366,11/19/10,12,0.06,125,1421.3,Tim Swindell,California,West,Training - SQL,1,0.43
23366,11/19/10,5,0.04,200,967.69,Tim Swindell,California,West,Development - Big Data,1,0.67
45190,11/19/10,13,0,125,1638.02,George Barnes,Texas,Central,Training - Development,1,0.58
8582,11/20/10,15,0.04,125,1814.47,David Glassco,California,West,Training - SQL,1,0.5
13895,11/20/10,44,0.02,200,8693.33,Michelle Collister,Wisconsin,Central,Development - Big Data,1,0.65
59393,11/20/10,34,0.07,110,3506.16,Seth Chapman,Kansas,Central,Development - PHP,1,0.45
5863,11/21/10,40,0.05,125,4788.3,Guy Takahito,MO,Central,Training - SQL,1,0.46
5988,11/21/10,40,0.1,150,5443.55,Sanjit Hendricks,Iowa,Central,Consulting - Compensation,1,0.59
21863,11/21/10,27,0.03,160,4224.19,Christine Knight,MO,Central,Development - Java,1,0.69
21863,11/21/10,13,0,160,2096.77,Christine Knight,MO,Central,Development - Java,1,0.64
33152,11/21/10,19,0,150,2872.98,Caroline Hernandez,New York,East,Consulting - Market Research,1,0.55
38917,11/21/10,11,0.02,150,1630.04,Joseph Fritzler,MO,Central,Consulting - Market Research,1,0.65
27047,11/22/10,25,0.06,150,3553.51,Patrick Shariari,Texas,Central,Consulting - Compensation,1,0.53
27047,11/22/10,38,0.05,110,4003.12,Patrick Shariari,Texas,Central,Development - Python,1,0.54
36134,11/22/10,6,0.01,150,898.21,Grant Jackson,Illinois,Central,Consulting - Market Research,1,0.61
41186,11/22/10,33,0.08,150,4590.84,Aleksandra Trafton,Louisiana,South,Consulting - Market Research,1,0.55
41186,11/22/10,13,0.01,110,1427.15,Aleksandra Trafton,Virginia,South,Development - PHP,1,0.59
45088,11/22/10,9,0.09,150,1238.44,Christopher Zandusky,Washington,West,Consulting - Market Research,1,0.53
52128,11/22/10,11,0.03,150,1613.45,Sanjit Grace,Colorado,West,Consulting - Business Model,1,0.65
807,11/23/10,45,0.01,110,4940.26,Neola Wilson,Illinois,Central,Development - Python,1,0.53
807,11/23/10,32,0.04,140,4335.7,Neola Wilson,Illinois,Central,Development - Database,1,0.62
24128,11/23/10,13,0.1,110,1297.44,Eugene Melton,Illinois,Central,Development - Python,1,0.44
24128,11/23/10,43,0.09,150,5917.12,Eugene Melton,Illinois,Central,Consulting - Market Research,1,0.55
25828,11/23/10,35,0.01,140,4890.36,Michael Goranitis,Florida,South,Development - Front End Web,1,0.46
25828,11/23/10,29,0.08,120,3227.58,Michael Goranitis,Mississippi,South,Development - Business Logic,1,0.48
25828,11/23/10,31,0.01,125,3867.38,Michael Goranitis,Mississippi,South,Training - Javascript,1,0.46
50725,11/23/10,1,0.1,125,113.41,Muhammed Kamberova,New York,East,Training - Development,1,0.4
50725,11/23/10,19,0.05,150,2729.47,Muhammed Kamberova,Virginia,South,Consulting - Market Research,1,0.67
51075,11/23/10,43,0.06,150,6112.19,Carlos McAfee,Indiana,Central,Consulting - Market Research,1,0.61
54274,11/23/10,20,0.05,170,3256.21,Don McCrary,Illinois,Central,Development - .Net,1,0.56
2759,11/24/10,25,0,150,3780.52,Brenda Hildebrand,Mississippi,South,Consulting - Business Model,1,0.62
4675,11/24/10,4,0,120,483.91,Rick Book,North Carolina,South,Development - Business Logic,1,0.38
11427,11/24/10,27,0.08,120,3005.06,Nora Stevenson,Virginia,South,Development - Business Logic,1,0.42
11427,11/24/10,20,0.04,160,3097,Nora Stevenson,Virginia,South,Development - Java,1,0.63
20900,11/24/10,50,0,150,7561.04,Ellis Sundaresam,New Hampshire,East,Consulting - Market Research,1,0.7
27681,11/24/10,7,0.06,110,729.69,Dave Hart,Texas,Central,Development - Python,1,0.53
27681,11/24/10,30,0.04,120,3484.13,Dave Hart,Texas,Central,Development - Business Logic,1,0.43
33123,11/24/10,41,0.08,125,4753.37,Roy Peterman,Illinois,Central,Training - Tableau,1,0.58
35910,11/24/10,28,0.02,150,4149.5,Kristen Golden,Mississippi,South,Consulting - Market Research,1,0.55
35910,11/24/10,25,0.09,110,2522.87,Kristen Golden,Mississippi,South,Development - Python,1,0.46
35910,11/24/10,36,0.05,150,5171.75,Kristen Golden,Mississippi,South,Consulting - Market Research,1,0.61
37603,11/24/10,50,0,150,7561.04,Liz Ward,Kentucky,South,Consulting - Business Model,1,0.59
37603,11/24/10,23,0.03,150,3373.74,Liz Ward,Kentucky,South,Consulting - Business Model,1,0.59
5189,11/25/10,12,0.05,150,1723.96,Evan Castell,California,West,Consulting - Business Model,1,0.55
5189,11/25/10,14,0.03,200,2738.17,Evan Castell,New Jersey,East,Development - Big Data,1,0.66
5189,11/25/10,8,0.06,120,909.77,Evan Castell,Maine,East,Development - Business Logic,1,0.57
15015,11/25/10,47,0.03,125,5745.27,Matthew Lucas,New Mexico,West,Training - SQL,1,0.6
30754,11/25/10,20,0.09,125,2293.57,David Hawkins,New Hampshire,East,Training - Javascript,1,0.5
32135,11/25/10,37,0,150,5595.31,Magdelene Brockman,Texas,Central,Consulting - Business Model,1,0.59
32135,11/25/10,16,0.08,150,2226.02,Magdelene Brockman,Texas,Central,Consulting - Strategy,1,0.53
52807,11/25/10,28,0,120,3387.43,Andrew Calhoun,Illinois,Central,Development - Business Logic,1,0.56
41861,11/26/10,24,0.02,110,2608.38,Kalyca Gastineau,Pennsylvania,East,Development - Python,1,0.39
55653,11/26/10,34,0.05,150,4884.67,Benjamin Reiten,Arizona,West,Consulting - Strategy,1,0.55
26630,11/27/10,9,0.02,110,978.17,Logan Flashing,New York,East,Development - Python,1,0.46
31718,11/27/10,24,0.03,150,3520.68,Nona Jumper,Alabama,South,Consulting - Market Research,1,0.55
31718,11/27/10,20,0.1,150,2722.18,Nona Jumper,Alabama,South,Consulting - Market Research,1,0.53
45249,11/27/10,24,0.04,150,3484.38,Roland Paige,Minnesota,Central,Consulting - Market Research,1,0.53
48195,11/27/10,35,0.07,150,4922.6,Ruben D'Ascenzo,Texas,Central,Consulting - Market Research,1,0.62
48195,11/27/10,35,0.09,150,4816.74,Ruben D'Ascenzo,Texas,Central,Consulting - Market Research,1,0.55
48195,11/27/10,47,0.01,150,7036.82,Ruben D'Ascenzo,Texas,Central,Consulting - Market Research,1,0.65
1953,11/29/10,13,0.06,160,1971.36,Sam McAdams,Ohio,East,Development - Java,1,0.64
10209,11/29/10,14,0.09,125,1605.66,Barry Ferguson,Connecticut,East,Training - SQL,1,0.58
10209,11/29/10,48,0.02,160,7588.59,Barry Ferguson,Maine,East,Development - Java,1,0.56
14789,11/29/10,37,0,170,6341.97,Sarah Hopkins,Washington,West,Development - .Net,1,0.69
14789,11/29/10,19,0.03,110,2044.05,Sarah Hopkins,Washington,West,Development - PHP,1,0.55
31072,11/29/10,4,0.08,160,593.67,Sean Andreada,Ohio,East,Development - Java,1,0.69
35265,11/29/10,4,0.02,160,632.38,Sean Witt,Florida,South,Development - Java,1,0.56
35265,11/29/10,16,0.04,125,1935.87,Sean Witt,Florida,South,Training - Development,1,0.6
35265,11/29/10,2,0.04,150,290.38,Sean Witt,Florida,South,Consulting - Strategy,1,0.65
44359,11/29/10,19,0.1,120,2068.96,Keith Beeghly,Arkansas,South,Development - Business Logic,1,0.5
56769,11/29/10,11,0.02,125,1358.63,Cindy Savely,Arizona,West,Training - SQL,1,0.46
9957,11/30/10,31,0.06,120,3525.78,Suzanne Molinari,Louisiana,South,Development - Business Logic,1,0.57
24102,11/30/10,50,0.03,200,9780.39,Fred Collins,Maine,East,Development - Big Data,1,0.78
27527,11/30/10,37,0.09,125,4243.63,Rob Cano,Pennsylvania,East,Training - SQL,1,0.6
37216,11/30/10,24,0.01,160,3833.11,Eudokia Schmidt,Texas,Central,Development - Java,1,0.68
1831,12/1/10,33,0,200,6654.86,Ken Budd,Pennsylvania,East,Development - Big Data,1,0.71
13799,12/1/10,5,0.05,125,598.69,Sibella Zandusky,Oregon,West,Training - SQL,1,0.43
25092,12/1/10,6,0.08,160,890.54,Katrina Radford,MA,East,Development - Java,1,0.61
25092,12/1/10,9,0.09,140,1156.13,Katrina Radford,MA,East,Development - Database,1,0.56
25092,12/1/10,42,0.07,120,4726.16,Katrina Radford,Vermont,East,Development - Business Logic,1,0.41
41632,12/1/10,34,0.05,150,4885.28,Patrick Fjeld,Alabama,South,Consulting - Market Research,1,0.55
51426,12/1/10,41,0.01,150,6139.11,Saphhira Gannaway,South Carolina,South,Consulting - Business Model,1,0.59
25315,12/2/10,36,0.07,170,5739.05,Joy Moren,Indiana,Central,Development - .Net,1,0.65
25315,12/2/10,21,0,120,2541.01,Joy Moren,Indiana,Central,Development - Business Logic,1,0.58
25315,12/2/10,36,0,125,4537.52,Joy Moren,Indiana,Central,Training - Javascript,1,0.58
