28035,5/8/11,19,0.03,160,2984.91,Don Fuller,Illinois,Central,Development - Java,1,0.63
35841,5/8/11,23,0.06,110,2407.32,Mathew McNair,New York,East,Development - PHP,1,0.52
35841,5/8/11,48,0.07,150,6777.99,Mathew McNair,New York,East,Consulting - Market Research,1,0.53
55616,5/8/11,24,0.02,150,3571.2,Joni Fritzler,New Jersey,East,Consulting - Market Research,1,0.53
55616,5/8/11,29,0,150,4403.27,Joni Fritzler,MA,East,Consulting - Business Model,1,0.67
8288,5/9/11,22,0.02,160,3491.93,Marc Ludwig,Arkansas,South,Development - Java,1,0.58
13730,5/9/11,26,0.07,125,3059.59,Bradley Donovan,Maryland,East,Training - Javascript,1,0.46
34434,5/9/11,16,0.08,160,2384.1,Barbara Karlsson,Kansas,Central,Development - Java,1,0.58
34434,5/9/11,23,0.04,200,4470.18,Barbara Karlsson,Kansas,Central,Development - Scala,1,0.71
30657,5/10/11,6,0.06,150,856.4,Paul Grace,North Carolina,South,Consulting - Business Model,1,0.65
30657,5/10/11,8,0.01,150,1202.61,Paul Grace,North Carolina,South,Consulting - Business Model,1,0.65
12322,5/11/11,36,0.03,125,4418.78,Jay Carlisle,Ohio,East,Training - SQL,1,0.43
53127,5/11/11,50,0.07,160,7531.66,Tony Phan,Ohio,East,Development - Java,1,0.68
53127,5/11/11,49,0.05,150,7068.52,Tony Phan,Ohio,East,Consulting - Market Research,1,0.62
8064,5/12/11,44,0.07,125,5178.14,Gary Matthias,Florida,South,Training - Development,1,0.54
10662,5/12/11,45,0.08,110,4610.22,Aaron Williams,California,West,Development - Python,1,0.44
31973,5/12/11,15,0.03,125,1841.2,Richard Ludwig,Virginia,South,Training - Development,1,0.46
31973,5/12/11,16,0.07,110,1657.01,Richard Ludwig,Virginia,South,Development - Python,1,0.35
43397,5/12/11,35,0.08,125,4074.69,Damala Bern,California,West,Training - Development,1,0.58
48486,5/12/11,42,0.07,110,4349.64,Frank Catlett,Utah,West,Development - Python,1,0.48
40327,5/13/11,42,0.06,110,4396.52,Erica Percer,Indiana,Central,Development - PHP,1,0.38
40327,5/13/11,36,0.09,110,3648.18,Erica Percer,Indiana,Central,Development - Python,1,0.55
965,5/14/11,42,0.07,125,4943.02,Jas Jarboe,Ohio,East,Training - Javascript,1,0.64
9921,5/14/11,23,0.05,110,2433.29,Amy Murray,Tennessee,South,Development - PHP,1,0.59
34215,5/14/11,6,0.02,160,952.46,Cari Murry,Illinois,Central,Development - Java,1,0.61
39590,5/14/11,9,0,110,1002.27,Jason Zettner,Nebraska,Central,Development - Python,1,0.45
57444,5/14/11,24,0.09,160,3537.71,Barry Pond,California,West,Development - Java,1,0.63
16450,5/15/11,12,0.03,110,1296.3,Dennis Cyprus,Pennsylvania,East,Development - PHP,1,0.35
26887,5/15/11,38,0.08,170,6017.01,Adam Zic,Montana,West,Development - .Net,1,0.56
26887,5/15/11,23,0.07,160,3464.9,Adam Zic,Montana,West,Development - Java,1,0.61
43267,5/16/11,17,0.05,170,2779.67,Fred Brennan,Illinois,Central,Development - .Net,1,0.66
48544,5/16/11,44,0.01,150,6615.31,Jack Bradley,Mississippi,South,Consulting - Market Research,1,0.5
8995,5/17/11,5,0.08,160,745.18,Beth Sumrall,Illinois,Central,Development - Java,1,0.53
8995,5/17/11,41,0.1,110,4109.61,Beth Sumrall,Illinois,Central,Development - Python,1,0.32
8995,5/17/11,35,0.08,125,4075.19,Beth Sumrall,Illinois,Central,Training - SQL,1,0.64
8995,5/17/11,42,0.07,110,4350.18,Beth Sumrall,Illinois,Central,Development - Python,1,0.36
8995,5/17/11,46,0.01,140,6455.1,Beth Sumrall,Illinois,Central,Development - Database,1,0.63
14951,5/17/11,34,0.02,150,5060.32,Denise Sievert,North Carolina,South,Consulting - Business Model,1,0.65
14951,5/17/11,26,0.08,120,2906.19,Denise Sievert,North Carolina,South,Development - Business Logic,1,0.51
51938,5/17/11,5,0.06,150,713.79,Jim French,Illinois,Central,Consulting - Market Research,1,0.7
1317,5/18/11,44,0.06,160,6700.28,Janet Huthwaite,North Carolina,South,Development - Java,1,0.64
1317,5/18/11,40,0.08,110,4098.58,Janet Huthwaite,North Carolina,South,Development - Python,1,0.47
1317,5/18/11,29,0.06,110,3036.06,Janet Huthwaite,North Carolina,South,Development - Python,1,0.44
512,5/19/11,6,0.06,125,713.83,Sam Haberlin,Georgia,South,Training - Development,1,0.4
512,5/19/11,48,0.01,200,9622.98,Sam Haberlin,Georgia,South,Development - Big Data,1,0.75
964,5/19/11,50,0.02,160,7938.15,Stefania Ober,New Hampshire,East,Development - Java,1,0.63
964,5/19/11,4,0.02,120,476.29,Stefania Ober,MA,East,Development - Business Logic,1,0.42
7585,5/19/11,34,0,150,5163.85,Darren Wasserman,Nevada,West,Consulting - Market Research,1,0.67
31687,5/19/11,44,0.07,120,4971.87,Arianne Norris,Tennessee,South,Development - Business Logic,1,0.58
39586,5/19/11,1,0.04,160,155.52,Lauren Bern,Colorado,West,Development - Java,1,0.72
17312,5/20/11,37,0.05,110,3915,Nancy Halladay,Texas,Central,Development - Python,1,0.44
17312,5/20/11,41,0,150,6227.14,Nancy Halladay,Texas,Central,Consulting - Market Research,1,0.5
24099,5/20/11,6,0.01,150,902.18,Max Ducich,New York,East,Consulting - Business Model,1,0.7
24099,5/20/11,36,0,200,7290.32,Max Ducich,New York,East,Development - Big Data,1,0.74
26976,5/20/11,44,0.02,110,4802.7,Thea Hughes,California,West,Development - PHP,1,0.53
26976,5/20/11,28,0.07,125,3295.83,Thea Hughes,California,West,Training - SQL,1,0.59
26976,5/20/11,11,0.04,150,1603.87,Thea Hughes,California,West,Consulting - Market Research,1,0.55
27364,5/20/11,25,0.04,160,3888.17,Joseph Fritzler,Florida,South,Development - Java,1,0.63
27364,5/20/11,29,0.06,150,4140.29,Joseph Fritzler,Florida,South,Consulting - Market Research,1,0.6
50306,5/20/11,34,0.09,160,5012.5,Anemone Joy,Texas,Central,Development - Java,1,0.63
52900,5/20/11,16,0,110,1782.08,Helen Kimmel,Montana,West,Development - Python,1,0.54
56387,5/20/11,32,0.1,160,4665.8,Brian Butterfield,Tennessee,South,Development - Java,1,0.64
56387,5/20/11,9,0.08,110,922.22,Brian Butterfield,Tennessee,South,Development - Python,1,0.53
4422,5/21/11,12,0.02,125,1488.48,Scott Bell,Colorado,West,Training - SQL,1,0.53
4422,5/21/11,17,0.02,120,2024.33,Scott Bell,Colorado,West,Development - Business Logic,1,0.63
6566,5/21/11,21,0.01,150,3157.7,Kean Collister,California,West,Consulting - Business Model,1,0.55
21477,5/21/11,7,0.01,160,1122.74,Jennifer Mitchum,Mississippi,South,Development - Java,1,0.69
21477,5/21/11,40,0.06,110,4187.98,Jennifer Mitchum,Mississippi,South,Development - Python,1,0.52
21542,5/21/11,18,0.04,120,2099.66,Frank Rider,Indiana,Central,Development - Business Logic,1,0.5
21542,5/21/11,43,0.05,125,5170.43,Frank Rider,Indiana,Central,Training - Javascript,1,0.46
25280,5/21/11,16,0.01,160,2566.25,Stefania Ober,Vermont,East,Development - Java,1,0.53
25280,5/21/11,47,0.03,120,5539.56,Stefania Ober,MA,East,Development - Business Logic,1,0.41
38403,5/21/11,49,0.01,200,9823.94,Michelle Ryan,Maryland,East,Development - Scala,1,0.63
37152,5/22/11,39,0.02,125,4837.67,Thomas Weimer,Wisconsin,Central,Training - Development,1,0.43
37152,5/22/11,45,0.04,150,6561.61,Thomas Weimer,Wisconsin,Central,Consulting - Market Research,1,0.55
41891,5/22/11,22,0.08,125,2561.86,Tamara O'Brill,Texas,Central,Training - SQL,1,0.5
42918,5/22/11,46,0.07,160,6931,Logan Flashing,Indiana,Central,Development - Java,1,0.58
42918,5/22/11,46,0.1,150,6288.21,Logan Flashing,Indiana,Central,Consulting - Strategy,1,0.55
42918,5/22/11,38,0.02,160,6033.44,Logan Flashing,New York,East,Development - Java,1,0.56
46117,5/22/11,22,0.02,125,2728.94,Maria Wilson,MO,Central,Training - Development,1,0.54
47553,5/22/11,49,0.08,125,5705.97,Dan MacKendrick,California,West,Training - Javascript,1,0.44
39937,5/23/11,42,0.07,160,6328.46,Raymond O'Donnell,Washington,West,Development - Java,1,0.68
40964,5/23/11,40,0,140,5670.66,Nick Murdock,Florida,South,Development - Front End Web,1,0.68
48161,5/23/11,16,0.01,170,2726.78,Vivian Emerson,Maryland,East,Development - .Net,1,0.71
48161,5/23/11,39,0.09,150,5390.67,Vivian Emerson,Maryland,East,Consulting - Market Research,1,0.53
57185,5/23/11,28,0.06,125,3331.51,Matt Mills,Ohio,East,Training - SQL,1,0.52
225,5/24/11,24,0.06,120,2741.43,Karen Gilpin,New York,East,Development - Business Logic,1,0.41
225,5/24/11,1,0.05,120,115.44,Karen Gilpin,New York,East,Development - Business Logic,1,0.42
20259,5/24/11,42,0.05,140,5656.63,Anna Cartwright,Texas,Central,Development - Front End Web,1,0.59
42214,5/24/11,46,0.03,125,5648.02,Randy Baptist,Tennessee,South,Training - SQL,1,0.58
42214,5/24/11,28,0.02,110,3056.56,Randy Baptist,Tennessee,South,Development - Python,1,0.35
33665,5/25/11,45,0.08,125,5240.56,Lisa Ann Reed,Kansas,Central,Training - Development,1,0.46
45958,5/25/11,28,0.03,150,4125.61,Dario Wiediger,Arizona,West,Consulting - Compensation,1,0.65
45958,5/25/11,16,0.02,110,1746.65,Dario Wiediger,Arizona,West,Development - Python,1,0.55
49924,5/25/11,48,0.07,160,7232.88,Edward Bzostek,Texas,Central,Development - Java,1,0.64
49924,5/25/11,13,0.08,125,1513.94,Edward Bzostek,Texas,Central,Training - SQL,1,0.5
57350,5/25/11,33,0.09,110,3345.15,Tracy Haushalter,California,West,Development - Python,1,0.35
57350,5/25/11,50,0.09,150,6911.46,Tracy Haushalter,California,West,Consulting - Market Research,1,0.6
14471,5/26/11,44,0.03,125,5402.72,Ralph Eplett,Michigan,Central,Training - SQL,1,0.43
14471,5/26/11,42,0.05,110,4444.71,Ralph Eplett,Michigan,Central,Development - Python,1,0.44
